{
  "configVersion": 1,
  "timestamp": 1632894112444,
  "index": "/beconbox_admin/index.html",
  "assetGroups": [
    {
      "name": "app",
      "installMode": "prefetch",
      "updateMode": "prefetch",
      "cacheQueryOptions": {
        "ignoreVary": true
      },
      "urls": [
        "/beconbox_admin/0-es2015.813e3e2f3bbb3483e473.js",
        "/beconbox_admin/0-es5.813e3e2f3bbb3483e473.js",
        "/beconbox_admin/1-es2015.fdf5ad2420ade3117bfd.js",
        "/beconbox_admin/1-es5.fdf5ad2420ade3117bfd.js",
        "/beconbox_admin/10-es2015.8a749e47bc995f891b17.js",
        "/beconbox_admin/10-es5.8a749e47bc995f891b17.js",
        "/beconbox_admin/11-es2015.52e1a327e5d2935df1e1.js",
        "/beconbox_admin/11-es5.52e1a327e5d2935df1e1.js",
        "/beconbox_admin/12-es2015.9886fcc3dd9944d7df77.js",
        "/beconbox_admin/12-es5.9886fcc3dd9944d7df77.js",
        "/beconbox_admin/13-es2015.7a90a616abc4171ae283.js",
        "/beconbox_admin/13-es5.7a90a616abc4171ae283.js",
        "/beconbox_admin/14-es2015.3ec53a5bfca6f4bbd467.js",
        "/beconbox_admin/14-es5.3ec53a5bfca6f4bbd467.js",
        "/beconbox_admin/15-es2015.7b5ccb0525ce2b22dee1.js",
        "/beconbox_admin/15-es5.7b5ccb0525ce2b22dee1.js",
        "/beconbox_admin/16-es2015.aeae5992f3ba6e3fdc06.js",
        "/beconbox_admin/16-es5.aeae5992f3ba6e3fdc06.js",
        "/beconbox_admin/17-es2015.f2eb2ce337e892e92113.js",
        "/beconbox_admin/17-es5.f2eb2ce337e892e92113.js",
        "/beconbox_admin/18-es2015.b5831cacd3fd66139f7c.js",
        "/beconbox_admin/18-es5.b5831cacd3fd66139f7c.js",
        "/beconbox_admin/19-es2015.0e58eb3ce408999acb7f.js",
        "/beconbox_admin/19-es5.0e58eb3ce408999acb7f.js",
        "/beconbox_admin/2-es2015.b403b35928d7a1b6ade2.js",
        "/beconbox_admin/2-es5.b403b35928d7a1b6ade2.js",
        "/beconbox_admin/20-es2015.dfc89ea000061841ee0c.js",
        "/beconbox_admin/20-es5.dfc89ea000061841ee0c.js",
        "/beconbox_admin/21-es2015.0aadc5c87e9ea40623a6.js",
        "/beconbox_admin/21-es5.0aadc5c87e9ea40623a6.js",
        "/beconbox_admin/22-es2015.e177568d4dc11c74da02.js",
        "/beconbox_admin/22-es5.e177568d4dc11c74da02.js",
        "/beconbox_admin/23-es2015.4b96003e304580da29a6.js",
        "/beconbox_admin/23-es5.4b96003e304580da29a6.js",
        "/beconbox_admin/24-es2015.3606e1351728cd527696.js",
        "/beconbox_admin/24-es5.3606e1351728cd527696.js",
        "/beconbox_admin/25-es2015.baf1ca17d1485c92ae5b.js",
        "/beconbox_admin/25-es5.baf1ca17d1485c92ae5b.js",
        "/beconbox_admin/26-es2015.bbfd22d3be9d4bbe1df7.js",
        "/beconbox_admin/26-es5.bbfd22d3be9d4bbe1df7.js",
        "/beconbox_admin/27-es2015.f8f03d1f03471d671de3.js",
        "/beconbox_admin/27-es5.f8f03d1f03471d671de3.js",
        "/beconbox_admin/28-es2015.d6485e6e45d22f11314f.js",
        "/beconbox_admin/28-es5.d6485e6e45d22f11314f.js",
        "/beconbox_admin/29-es2015.04adb94ffe3a166009ff.js",
        "/beconbox_admin/29-es5.04adb94ffe3a166009ff.js",
        "/beconbox_admin/3-es2015.fcdbb585dba3b2188f7d.js",
        "/beconbox_admin/3-es5.fcdbb585dba3b2188f7d.js",
        "/beconbox_admin/30-es2015.43e285da71516eee2b3c.js",
        "/beconbox_admin/30-es5.43e285da71516eee2b3c.js",
        "/beconbox_admin/31-es2015.b06d8c04a2f255681b55.js",
        "/beconbox_admin/31-es5.b06d8c04a2f255681b55.js",
        "/beconbox_admin/32-es2015.650b8a298a88c4d07289.js",
        "/beconbox_admin/32-es5.650b8a298a88c4d07289.js",
        "/beconbox_admin/33-es2015.2b0cfe399a2e3b0eb5e4.js",
        "/beconbox_admin/33-es5.2b0cfe399a2e3b0eb5e4.js",
        "/beconbox_admin/34-es2015.a6371c0662fe0f74404e.js",
        "/beconbox_admin/34-es5.a6371c0662fe0f74404e.js",
        "/beconbox_admin/35-es2015.591565a9a1556cd152cf.js",
        "/beconbox_admin/35-es5.591565a9a1556cd152cf.js",
        "/beconbox_admin/4-es2015.99abf7992f391c654367.js",
        "/beconbox_admin/4-es5.99abf7992f391c654367.js",
        "/beconbox_admin/5-es2015.4cf0eb692891f5271c8c.js",
        "/beconbox_admin/5-es5.4cf0eb692891f5271c8c.js",
        "/beconbox_admin/6-es2015.17e96814a86300b32641.js",
        "/beconbox_admin/6-es5.17e96814a86300b32641.js",
        "/beconbox_admin/7-es2015.4e7a5bd8893a06d929c8.js",
        "/beconbox_admin/7-es5.4e7a5bd8893a06d929c8.js",
        "/beconbox_admin/8-es2015.96c25b521ffac948dd16.js",
        "/beconbox_admin/8-es5.96c25b521ffac948dd16.js",
        "/beconbox_admin/9-es2015.69c5e0b5c8b00bb9f078.js",
        "/beconbox_admin/9-es5.69c5e0b5c8b00bb9f078.js",
        "/beconbox_admin/favicon.ico",
        "/beconbox_admin/index.html",
        "/beconbox_admin/main-es2015.4455078b96bae944de1f.js",
        "/beconbox_admin/main-es5.4455078b96bae944de1f.js",
        "/beconbox_admin/manifest.webmanifest",
        "/beconbox_admin/polyfills-es2015.439db9a51ed7d910e3cf.js",
        "/beconbox_admin/polyfills-es5.4df643fdeef71c1d5f48.js",
        "/beconbox_admin/runtime-es2015.32218075c40ada3164a4.js",
        "/beconbox_admin/runtime-es5.32218075c40ada3164a4.js",
        "/beconbox_admin/styles.58a9630656d4fefd4b8a.css"
      ],
      "patterns": []
    },
    {
      "name": "assets",
      "installMode": "lazy",
      "updateMode": "prefetch",
      "cacheQueryOptions": {
        "ignoreVary": true
      },
      "urls": [
        "/beconbox_admin/Simple-Line-Icons.1334d7641f5b94d8d01d.woff",
        "/beconbox_admin/Simple-Line-Icons.7f0913d4da1704f5de7f.ttf",
        "/beconbox_admin/Simple-Line-Icons.a736074699ec538328fe.woff2",
        "/beconbox_admin/Simple-Line-Icons.cb4840b543cf18677ced.eot",
        "/beconbox_admin/Simple-Line-Icons.e44ce50cc5d614fac12e.svg",
        "/beconbox_admin/assets/icons/icon-128x128.png",
        "/beconbox_admin/assets/icons/icon-144x144.png",
        "/beconbox_admin/assets/icons/icon-152x152.png",
        "/beconbox_admin/assets/icons/icon-192x192.png",
        "/beconbox_admin/assets/icons/icon-384x384.png",
        "/beconbox_admin/assets/icons/icon-512x512.png",
        "/beconbox_admin/assets/icons/icon-72x72.png",
        "/beconbox_admin/assets/icons/icon-96x96.png",
        "/beconbox_admin/assets/images/background/1.jpg",
        "/beconbox_admin/assets/images/background/error-bg.jpg",
        "/beconbox_admin/assets/images/background/login-register.jpg",
        "/beconbox_admin/assets/images/background/login-register2.jpg",
        "/beconbox_admin/assets/images/background/megamenubg.jpg",
        "/beconbox_admin/assets/images/background/profile-bg.jpg",
        "/beconbox_admin/assets/images/background/socialbg.jpg",
        "/beconbox_admin/assets/images/background/user-bg.jpg",
        "/beconbox_admin/assets/images/background/user-info.jpg",
        "/beconbox_admin/assets/images/background/weatherbg.jpg",
        "/beconbox_admin/assets/images/big/img1.jpg",
        "/beconbox_admin/assets/images/big/img2.jpg",
        "/beconbox_admin/assets/images/big/img3.jpg",
        "/beconbox_admin/assets/images/big/img4.jpg",
        "/beconbox_admin/assets/images/big/img5.jpg",
        "/beconbox_admin/assets/images/big/img6.jpg",
        "/beconbox_admin/assets/images/browser/chrome-logo.png",
        "/beconbox_admin/assets/images/browser/firefox-logo.png",
        "/beconbox_admin/assets/images/browser/internet-logo.png",
        "/beconbox_admin/assets/images/browser/opera-logo.png",
        "/beconbox_admin/assets/images/browser/photoshop.jpg",
        "/beconbox_admin/assets/images/browser/safari-logo.png",
        "/beconbox_admin/assets/images/browser/sketch.jpg",
        "/beconbox_admin/assets/images/custom-select.png",
        "/beconbox_admin/assets/images/document/colors.jpg",
        "/beconbox_admin/assets/images/document/sidebar.jpg",
        "/beconbox_admin/assets/images/document/template-strucutre.jpg",
        "/beconbox_admin/assets/images/favicon.png",
        "/beconbox_admin/assets/images/gallery/chair.png",
        "/beconbox_admin/assets/images/gallery/chair2.png",
        "/beconbox_admin/assets/images/gallery/chair3.png",
        "/beconbox_admin/assets/images/gallery/chair4.png",
        "/beconbox_admin/assets/images/gallery/locker.jpeg",
        "/beconbox_admin/assets/images/gallery/locker1.jpeg",
        "/beconbox_admin/assets/images/icon/danger.svg",
        "/beconbox_admin/assets/images/icon/success.svg",
        "/beconbox_admin/assets/images/icon/warning.svg",
        "/beconbox_admin/assets/images/logo-icon.png",
        "/beconbox_admin/assets/images/logo-icon.svg",
        "/beconbox_admin/assets/images/logo-light-icon.png",
        "/beconbox_admin/assets/images/logo-light-icon.svg",
        "/beconbox_admin/assets/images/logo-light-text.png",
        "/beconbox_admin/assets/images/logo-light-text.svg",
        "/beconbox_admin/assets/images/logo-text.png",
        "/beconbox_admin/assets/images/logo-text.svg",
        "/beconbox_admin/assets/images/logo-text1.svg",
        "/beconbox_admin/assets/images/logo.png",
        "/beconbox_admin/assets/images/users/1.jpg",
        "/beconbox_admin/assets/images/users/2.jpg",
        "/beconbox_admin/assets/images/users/3.jpg",
        "/beconbox_admin/assets/images/users/4.jpg",
        "/beconbox_admin/assets/images/users/5.jpg",
        "/beconbox_admin/assets/images/users/6.jpg",
        "/beconbox_admin/assets/images/users/7.jpg",
        "/beconbox_admin/assets/images/users/8.jpg",
        "/beconbox_admin/assets/images/users/d1.jpg",
        "/beconbox_admin/assets/images/users/d2.jpg",
        "/beconbox_admin/assets/images/users/d3.jpg",
        "/beconbox_admin/assets/images/users/d4.jpg",
        "/beconbox_admin/assets/images/users/d5.jpg",
        "/beconbox_admin/assets/images/users/defaultuser.jpg",
        "/beconbox_admin/assets/images/users/profile.png",
        "/beconbox_admin/assets/js/jquery.sparkline.min.js",
        "/beconbox_admin/assets/scss/animate.css",
        "/beconbox_admin/assets/scss/app.scss",
        "/beconbox_admin/assets/scss/colors/blue-dark.scss",
        "/beconbox_admin/assets/scss/colors/blue.scss",
        "/beconbox_admin/assets/scss/colors/default-dark.scss",
        "/beconbox_admin/assets/scss/colors/default.scss",
        "/beconbox_admin/assets/scss/colors/green-dark.scss",
        "/beconbox_admin/assets/scss/colors/green.scss",
        "/beconbox_admin/assets/scss/colors/megna-dark.scss",
        "/beconbox_admin/assets/scss/colors/megna.scss",
        "/beconbox_admin/assets/scss/colors/purple-dark.scss",
        "/beconbox_admin/assets/scss/colors/purple.scss",
        "/beconbox_admin/assets/scss/colors/red-dark.scss",
        "/beconbox_admin/assets/scss/colors/red.scss",
        "/beconbox_admin/assets/scss/custom.scss",
        "/beconbox_admin/assets/scss/dark.scss",
        "/beconbox_admin/assets/scss/dist/variable.css",
        "/beconbox_admin/assets/scss/grid.scss",
        "/beconbox_admin/assets/scss/icons/font-awesome/css/font-awesome.css",
        "/beconbox_admin/assets/scss/icons/font-awesome/css/font-awesome.min.css",
        "/beconbox_admin/assets/scss/icons/font-awesome/fonts/FontAwesome.otf",
        "/beconbox_admin/assets/scss/icons/font-awesome/fonts/fontawesome-webfont.eot",
        "/beconbox_admin/assets/scss/icons/font-awesome/fonts/fontawesome-webfont.svg",
        "/beconbox_admin/assets/scss/icons/font-awesome/fonts/fontawesome-webfont.ttf",
        "/beconbox_admin/assets/scss/icons/font-awesome/fonts/fontawesome-webfont.woff",
        "/beconbox_admin/assets/scss/icons/font-awesome/fonts/fontawesome-webfont.woff2",
        "/beconbox_admin/assets/scss/icons/font-awesome/less/animated.less",
        "/beconbox_admin/assets/scss/icons/font-awesome/less/bordered-pulled.less",
        "/beconbox_admin/assets/scss/icons/font-awesome/less/core.less",
        "/beconbox_admin/assets/scss/icons/font-awesome/less/fixed-width.less",
        "/beconbox_admin/assets/scss/icons/font-awesome/less/font-awesome.less",
        "/beconbox_admin/assets/scss/icons/font-awesome/less/icons.less",
        "/beconbox_admin/assets/scss/icons/font-awesome/less/larger.less",
        "/beconbox_admin/assets/scss/icons/font-awesome/less/list.less",
        "/beconbox_admin/assets/scss/icons/font-awesome/less/mixins.less",
        "/beconbox_admin/assets/scss/icons/font-awesome/less/path.less",
        "/beconbox_admin/assets/scss/icons/font-awesome/less/rotated-flipped.less",
        "/beconbox_admin/assets/scss/icons/font-awesome/less/screen-reader.less",
        "/beconbox_admin/assets/scss/icons/font-awesome/less/stacked.less",
        "/beconbox_admin/assets/scss/icons/font-awesome/less/variables.less",
        "/beconbox_admin/assets/scss/icons/font-awesome/old/.bower.json",
        "/beconbox_admin/assets/scss/icons/font-awesome/old/.gitignore",
        "/beconbox_admin/assets/scss/icons/font-awesome/old/.npmignore",
        "/beconbox_admin/assets/scss/icons/font-awesome/old/HELP-US-OUT.txt",
        "/beconbox_admin/assets/scss/icons/font-awesome/old/bower.json",
        "/beconbox_admin/assets/scss/icons/font-awesome/old/css/font-awesome.css",
        "/beconbox_admin/assets/scss/icons/font-awesome/old/css/font-awesome.min.css",
        "/beconbox_admin/assets/scss/icons/font-awesome/old/fonts/FontAwesome.otf",
        "/beconbox_admin/assets/scss/icons/font-awesome/old/fonts/fontawesome-webfont-old.ttf",
        "/beconbox_admin/assets/scss/icons/font-awesome/old/fonts/fontawesome-webfont.eot",
        "/beconbox_admin/assets/scss/icons/font-awesome/old/fonts/fontawesome-webfont.svg",
        "/beconbox_admin/assets/scss/icons/font-awesome/old/fonts/fontawesome-webfont.ttf",
        "/beconbox_admin/assets/scss/icons/font-awesome/old/fonts/fontawesome-webfont.woff",
        "/beconbox_admin/assets/scss/icons/font-awesome/old/fonts/fontawesome-webfont.woff2",
        "/beconbox_admin/assets/scss/icons/font-awesome/old/less/animated.less",
        "/beconbox_admin/assets/scss/icons/font-awesome/old/less/bordered-pulled.less",
        "/beconbox_admin/assets/scss/icons/font-awesome/old/less/core.less",
        "/beconbox_admin/assets/scss/icons/font-awesome/old/less/extras.less",
        "/beconbox_admin/assets/scss/icons/font-awesome/old/less/fixed-width.less",
        "/beconbox_admin/assets/scss/icons/font-awesome/old/less/font-awesome.less",
        "/beconbox_admin/assets/scss/icons/font-awesome/old/less/icons.less",
        "/beconbox_admin/assets/scss/icons/font-awesome/old/less/larger.less",
        "/beconbox_admin/assets/scss/icons/font-awesome/old/less/list.less",
        "/beconbox_admin/assets/scss/icons/font-awesome/old/less/mixins.less",
        "/beconbox_admin/assets/scss/icons/font-awesome/old/less/path.less",
        "/beconbox_admin/assets/scss/icons/font-awesome/old/less/rotated-flipped.less",
        "/beconbox_admin/assets/scss/icons/font-awesome/old/less/spinning.less",
        "/beconbox_admin/assets/scss/icons/font-awesome/old/less/stacked.less",
        "/beconbox_admin/assets/scss/icons/font-awesome/old/less/variables.less",
        "/beconbox_admin/assets/scss/icons/font-awesome/old/scss/_animated.scss",
        "/beconbox_admin/assets/scss/icons/font-awesome/old/scss/_bordered-pulled.scss",
        "/beconbox_admin/assets/scss/icons/font-awesome/old/scss/_core.scss",
        "/beconbox_admin/assets/scss/icons/font-awesome/old/scss/_extras.scss",
        "/beconbox_admin/assets/scss/icons/font-awesome/old/scss/_fixed-width.scss",
        "/beconbox_admin/assets/scss/icons/font-awesome/old/scss/_icons.scss",
        "/beconbox_admin/assets/scss/icons/font-awesome/old/scss/_larger.scss",
        "/beconbox_admin/assets/scss/icons/font-awesome/old/scss/_list.scss",
        "/beconbox_admin/assets/scss/icons/font-awesome/old/scss/_mixins.scss",
        "/beconbox_admin/assets/scss/icons/font-awesome/old/scss/_path.scss",
        "/beconbox_admin/assets/scss/icons/font-awesome/old/scss/_rotated-flipped.scss",
        "/beconbox_admin/assets/scss/icons/font-awesome/old/scss/_spinning.scss",
        "/beconbox_admin/assets/scss/icons/font-awesome/old/scss/_stacked.scss",
        "/beconbox_admin/assets/scss/icons/font-awesome/old/scss/_variables.scss",
        "/beconbox_admin/assets/scss/icons/font-awesome/old/scss/font-awesome.scss",
        "/beconbox_admin/assets/scss/icons/font-awesome/scss/_animated.scss",
        "/beconbox_admin/assets/scss/icons/font-awesome/scss/_bordered-pulled.scss",
        "/beconbox_admin/assets/scss/icons/font-awesome/scss/_core.scss",
        "/beconbox_admin/assets/scss/icons/font-awesome/scss/_fixed-width.scss",
        "/beconbox_admin/assets/scss/icons/font-awesome/scss/_icons.scss",
        "/beconbox_admin/assets/scss/icons/font-awesome/scss/_larger.scss",
        "/beconbox_admin/assets/scss/icons/font-awesome/scss/_list.scss",
        "/beconbox_admin/assets/scss/icons/font-awesome/scss/_mixins.scss",
        "/beconbox_admin/assets/scss/icons/font-awesome/scss/_path.scss",
        "/beconbox_admin/assets/scss/icons/font-awesome/scss/_rotated-flipped.scss",
        "/beconbox_admin/assets/scss/icons/font-awesome/scss/_screen-reader.scss",
        "/beconbox_admin/assets/scss/icons/font-awesome/scss/_stacked.scss",
        "/beconbox_admin/assets/scss/icons/font-awesome/scss/_variables.scss",
        "/beconbox_admin/assets/scss/icons/font-awesome/scss/font-awesome.scss",
        "/beconbox_admin/assets/scss/icons/material-design-iconic-font/css/material-design-iconic-font.css",
        "/beconbox_admin/assets/scss/icons/material-design-iconic-font/css/material-design-iconic-font.min.css",
        "/beconbox_admin/assets/scss/icons/material-design-iconic-font/css/materialdesignicons.min.css",
        "/beconbox_admin/assets/scss/icons/material-design-iconic-font/fonts/Material-Design-Iconic-Font.eot",
        "/beconbox_admin/assets/scss/icons/material-design-iconic-font/fonts/Material-Design-Iconic-Font.svg",
        "/beconbox_admin/assets/scss/icons/material-design-iconic-font/fonts/Material-Design-Iconic-Font.ttf",
        "/beconbox_admin/assets/scss/icons/material-design-iconic-font/fonts/Material-Design-Iconic-Font.woff",
        "/beconbox_admin/assets/scss/icons/material-design-iconic-font/fonts/Material-Design-Iconic-Font.woff2",
        "/beconbox_admin/assets/scss/icons/material-design-iconic-font/fonts/materialdesignicons-webfont.eot",
        "/beconbox_admin/assets/scss/icons/material-design-iconic-font/fonts/materialdesignicons-webfont.svg",
        "/beconbox_admin/assets/scss/icons/material-design-iconic-font/fonts/materialdesignicons-webfont.ttf",
        "/beconbox_admin/assets/scss/icons/material-design-iconic-font/fonts/materialdesignicons-webfont.woff",
        "/beconbox_admin/assets/scss/icons/material-design-iconic-font/fonts/materialdesignicons-webfont.woff2",
        "/beconbox_admin/assets/scss/icons/simple-line-icons/css/simple-line-icons.css",
        "/beconbox_admin/assets/scss/icons/simple-line-icons/fonts/Simple-Line-Icons.eot",
        "/beconbox_admin/assets/scss/icons/simple-line-icons/fonts/Simple-Line-Icons.svg",
        "/beconbox_admin/assets/scss/icons/simple-line-icons/fonts/Simple-Line-Icons.ttf",
        "/beconbox_admin/assets/scss/icons/simple-line-icons/fonts/Simple-Line-Icons.woff",
        "/beconbox_admin/assets/scss/icons/simple-line-icons/fonts/Simple-Line-Icons.woff2",
        "/beconbox_admin/assets/scss/icons/simple-line-icons/less/simple-line-icons.less",
        "/beconbox_admin/assets/scss/icons/simple-line-icons/scss/simple-line-icons.scss",
        "/beconbox_admin/assets/scss/icons/themify-icons/fonts/themify.eot",
        "/beconbox_admin/assets/scss/icons/themify-icons/fonts/themify.svg",
        "/beconbox_admin/assets/scss/icons/themify-icons/fonts/themify.ttf",
        "/beconbox_admin/assets/scss/icons/themify-icons/fonts/themify.woff",
        "/beconbox_admin/assets/scss/icons/themify-icons/ie7/ie7.css",
        "/beconbox_admin/assets/scss/icons/themify-icons/ie7/ie7.js",
        "/beconbox_admin/assets/scss/icons/themify-icons/themify-icons.css",
        "/beconbox_admin/assets/scss/icons/themify-icons/themify-icons.less",
        "/beconbox_admin/assets/scss/pages.scss",
        "/beconbox_admin/assets/scss/responsive.scss",
        "/beconbox_admin/assets/scss/rtl/rtl-padding-margin.scss",
        "/beconbox_admin/assets/scss/rtl/rtl.scss",
        "/beconbox_admin/assets/scss/sidebar.scss",
        "/beconbox_admin/assets/scss/spinners.scss",
        "/beconbox_admin/assets/scss/style.scss",
        "/beconbox_admin/assets/scss/theme-settings.scss",
        "/beconbox_admin/assets/scss/variable.scss",
        "/beconbox_admin/assets/scss/vertical-header.scss",
        "/beconbox_admin/assets/scss/widgets.scss",
        "/beconbox_admin/custom-select.b7cff2017c9016de0a3f.png",
        "/beconbox_admin/danger.6839895ff119ac2345e9.svg",
        "/beconbox_admin/data-table.40742b4faed98d0250a5.eot",
        "/beconbox_admin/data-table.53c319729491b7686d65.woff",
        "/beconbox_admin/data-table.7eda0c04830dac128c76.svg",
        "/beconbox_admin/data-table.93be7e0fc94594d266a2.ttf",
        "/beconbox_admin/error-bg.2658e408e1b240e96c2b.jpg",
        "/beconbox_admin/flags.007b2705c0a8f69dfdf6.png",
        "/beconbox_admin/flags@2x.9d5328fb490cddd43f66.png",
        "/beconbox_admin/fontawesome-webfont.1e59d2330b4c6deb84b3.ttf",
        "/beconbox_admin/fontawesome-webfont.20fd1704ea223900efa9.woff2",
        "/beconbox_admin/fontawesome-webfont.6878d55e3615ccf40c38.svg",
        "/beconbox_admin/fontawesome-webfont.8b43027f47b20503057d.eot",
        "/beconbox_admin/fontawesome-webfont.f691f37e57f04c152e23.woff",
        "/beconbox_admin/materialdesignicons-webfont.49d3b4ee7b1dee3671b0.eot",
        "/beconbox_admin/materialdesignicons-webfont.5cbc1ce0f8ee2c20e27b.woff2",
        "/beconbox_admin/materialdesignicons-webfont.d6f0edc61c6ca22474a7.svg",
        "/beconbox_admin/materialdesignicons-webfont.da5fb9dba31bb391d27e.woff",
        "/beconbox_admin/materialdesignicons-webfont.fa3815d439cf3406399e.ttf",
        "/beconbox_admin/success.3a73f159701e03d93f98.svg",
        "/beconbox_admin/themify.29b39089170885ae2967.woff",
        "/beconbox_admin/themify.9bad94440d49256265a5.eot",
        "/beconbox_admin/themify.c4292f34297f1004471a.svg",
        "/beconbox_admin/themify.eda8b94308c6f538f04a.ttf",
        "/beconbox_admin/warning.f5860e42d7aa545d506a.svg"
      ],
      "patterns": []
    }
  ],
  "dataGroups": [],
  "hashTable": {
    "/beconbox_admin/0-es2015.813e3e2f3bbb3483e473.js": "8703aa88f73b04380373aca91263afc72069096e",
    "/beconbox_admin/0-es5.813e3e2f3bbb3483e473.js": "955cedea30f9e356ac8cda2df7cd3628eaeb4194",
    "/beconbox_admin/1-es2015.fdf5ad2420ade3117bfd.js": "06fa816ba0895fe03ebb0bfdd9e73396f480df26",
    "/beconbox_admin/1-es5.fdf5ad2420ade3117bfd.js": "b7e6ce013a78f5b5f375ca947154204dd5b857b1",
    "/beconbox_admin/10-es2015.8a749e47bc995f891b17.js": "7eefb3561509b4fac7b63bfadecb8aaa7ca28cc4",
    "/beconbox_admin/10-es5.8a749e47bc995f891b17.js": "8651f86631ac12ec8052982df4aacb0d1eb73378",
    "/beconbox_admin/11-es2015.52e1a327e5d2935df1e1.js": "f6f00ddac57d585ea34dc7304f2bd5abb01a5521",
    "/beconbox_admin/11-es5.52e1a327e5d2935df1e1.js": "fb0ce59bc665ea5d8b372d6828c36da9aa3c5d1e",
    "/beconbox_admin/12-es2015.9886fcc3dd9944d7df77.js": "083001c2df9f5a19c6640252927ee1c3eb1f0deb",
    "/beconbox_admin/12-es5.9886fcc3dd9944d7df77.js": "d1d1990308630be11740b693f7c426225e627338",
    "/beconbox_admin/13-es2015.7a90a616abc4171ae283.js": "949ff330f8f5c0d43da4066a519c43a5f07da084",
    "/beconbox_admin/13-es5.7a90a616abc4171ae283.js": "1aba9db8d34f9df156df80c7f421fe6fa9494c02",
    "/beconbox_admin/14-es2015.3ec53a5bfca6f4bbd467.js": "0d1bc2d701bd3a637ccbff658143761490b7d866",
    "/beconbox_admin/14-es5.3ec53a5bfca6f4bbd467.js": "636af50d04496625203aa6ea24bd892dae3f1bf2",
    "/beconbox_admin/15-es2015.7b5ccb0525ce2b22dee1.js": "5266408d1874822c1e03f672ca17bdd549e2f4d8",
    "/beconbox_admin/15-es5.7b5ccb0525ce2b22dee1.js": "bf0d50e56a6e5ce0da234bbe5a47bcd952f1dd1f",
    "/beconbox_admin/16-es2015.aeae5992f3ba6e3fdc06.js": "8068b26840eefefaf6e700c9b224b82a2d3c59ce",
    "/beconbox_admin/16-es5.aeae5992f3ba6e3fdc06.js": "a8903b0fbc79589c05c6b1098449f356a596268a",
    "/beconbox_admin/17-es2015.f2eb2ce337e892e92113.js": "1537be5545c1a7e8daf194761d49fca11cdc39e2",
    "/beconbox_admin/17-es5.f2eb2ce337e892e92113.js": "cc7855eac1942851f1202485f5c29d4f2bc116a5",
    "/beconbox_admin/18-es2015.b5831cacd3fd66139f7c.js": "eaffed8af970f2811f498aad76824cc009786d8f",
    "/beconbox_admin/18-es5.b5831cacd3fd66139f7c.js": "6d3b68354d5cc86db98ae908f972d42c6f6680e6",
    "/beconbox_admin/19-es2015.0e58eb3ce408999acb7f.js": "001fff9f36e97af23d95b259dd7d1a618f8a2023",
    "/beconbox_admin/19-es5.0e58eb3ce408999acb7f.js": "6d747ebee33b8126640ea48c9a606ce63aa283f8",
    "/beconbox_admin/2-es2015.b403b35928d7a1b6ade2.js": "9c7fb9657f2b88c6c15786e81c1b2dc95d541f41",
    "/beconbox_admin/2-es5.b403b35928d7a1b6ade2.js": "28a9ff3f618ecd3e9891dcdfdd8b48784ad71918",
    "/beconbox_admin/20-es2015.dfc89ea000061841ee0c.js": "e94c15bf93f563ad45aefc793e6e423e9548d932",
    "/beconbox_admin/20-es5.dfc89ea000061841ee0c.js": "3bc6b4bac0418d5d26254a9c3830ded82704ec12",
    "/beconbox_admin/21-es2015.0aadc5c87e9ea40623a6.js": "51e63c075f987a389c58f2a5ec3da72ecc2e39be",
    "/beconbox_admin/21-es5.0aadc5c87e9ea40623a6.js": "90feb0e724525f02d97dddba510a5ac5a965d155",
    "/beconbox_admin/22-es2015.e177568d4dc11c74da02.js": "e828486bab303d6b2b93ffd75556e084474e3b57",
    "/beconbox_admin/22-es5.e177568d4dc11c74da02.js": "57c2e7c413de616b05d1c7359296492dfc8e4a92",
    "/beconbox_admin/23-es2015.4b96003e304580da29a6.js": "00205d5c86844ceadf08af50b007f7ef7a71eb2f",
    "/beconbox_admin/23-es5.4b96003e304580da29a6.js": "15995eed303df5575a46f704f41a59fffb9b5a88",
    "/beconbox_admin/24-es2015.3606e1351728cd527696.js": "174c741692fef0fb5da49f39c1a108413e730564",
    "/beconbox_admin/24-es5.3606e1351728cd527696.js": "3ca8f62513ca3408ff460ab423ca1f0531ab16c4",
    "/beconbox_admin/25-es2015.baf1ca17d1485c92ae5b.js": "073c10ddead1afc565bb3557fd0afda07a443993",
    "/beconbox_admin/25-es5.baf1ca17d1485c92ae5b.js": "7517418eb7f92c7f3651718358ac43d8ffa1563e",
    "/beconbox_admin/26-es2015.bbfd22d3be9d4bbe1df7.js": "4004c0964f696607b0867ad7585cd82484aa83cc",
    "/beconbox_admin/26-es5.bbfd22d3be9d4bbe1df7.js": "ac2442f199b7c151c982a7309d7ffce96e1f60fa",
    "/beconbox_admin/27-es2015.f8f03d1f03471d671de3.js": "944c293b6d7d1e1d2cdacf22aa2b7f029f02701e",
    "/beconbox_admin/27-es5.f8f03d1f03471d671de3.js": "9481fc212ddd664031410f7d44eb9ec48ad97e7a",
    "/beconbox_admin/28-es2015.d6485e6e45d22f11314f.js": "b1cb83a58b655514975d67dc80f95a6c21d72c2d",
    "/beconbox_admin/28-es5.d6485e6e45d22f11314f.js": "7f97ea46b229c0e83db205898c32add5c14dae3a",
    "/beconbox_admin/29-es2015.04adb94ffe3a166009ff.js": "06396370012ad30de0ecc319e6be98a0af9a623a",
    "/beconbox_admin/29-es5.04adb94ffe3a166009ff.js": "4a84d2a659c21df7706924063686fd6d904394fd",
    "/beconbox_admin/3-es2015.fcdbb585dba3b2188f7d.js": "7cd5c88d2d828ba36158e28a8ebc5925387f4e41",
    "/beconbox_admin/3-es5.fcdbb585dba3b2188f7d.js": "b7e1afaa7dd82e1ead746638eff59b18b6d35a31",
    "/beconbox_admin/30-es2015.43e285da71516eee2b3c.js": "c0e8a2edfcf69b66b665a256f958ca4f2d9b32e8",
    "/beconbox_admin/30-es5.43e285da71516eee2b3c.js": "cfd0e69fcfdd64b5bf58c103d7d48ceea2e885b9",
    "/beconbox_admin/31-es2015.b06d8c04a2f255681b55.js": "368f1b676723dcb485f826043405de76d06b247d",
    "/beconbox_admin/31-es5.b06d8c04a2f255681b55.js": "e24c22655fe1ad3fd307d82f272fc71b4c606ae3",
    "/beconbox_admin/32-es2015.650b8a298a88c4d07289.js": "0e8a0e4e54d9ff60e4985df053277fe1f5fdef8b",
    "/beconbox_admin/32-es5.650b8a298a88c4d07289.js": "dc1bbd20f5e12a3ab87a20fbca30e8a0a86f5d12",
    "/beconbox_admin/33-es2015.2b0cfe399a2e3b0eb5e4.js": "f1fc4e0ddd2d1c094a5ecda91fdf79b36cdd618c",
    "/beconbox_admin/33-es5.2b0cfe399a2e3b0eb5e4.js": "52aea27cc8f066d4a4b5d358e4ef2dbda65ab235",
    "/beconbox_admin/34-es2015.a6371c0662fe0f74404e.js": "89ef1d1d5f3402560bbebbe62bb9fb955ad3e44c",
    "/beconbox_admin/34-es5.a6371c0662fe0f74404e.js": "7491e7ea847adcf7d628ed14d29ebf5a8f6ea77d",
    "/beconbox_admin/35-es2015.591565a9a1556cd152cf.js": "ef358412777caf7e791b358dec00d068a80444c8",
    "/beconbox_admin/35-es5.591565a9a1556cd152cf.js": "cf8c2b16c9941040ad1c5808c16a22dbcdc13b9b",
    "/beconbox_admin/4-es2015.99abf7992f391c654367.js": "0d39ae9f869517850a44acb20e3985585ad01bbe",
    "/beconbox_admin/4-es5.99abf7992f391c654367.js": "812f3d1d636d4ac7109c6fcede55b03aaa0da589",
    "/beconbox_admin/5-es2015.4cf0eb692891f5271c8c.js": "68ccb8858b35f6262e5c49ad17ae84daa7e5f576",
    "/beconbox_admin/5-es5.4cf0eb692891f5271c8c.js": "6f387a04efc5e5b49b38ecaea67ae562e6b54bbc",
    "/beconbox_admin/6-es2015.17e96814a86300b32641.js": "bff8e9b249c872afef7de32d87386c3f26d7d959",
    "/beconbox_admin/6-es5.17e96814a86300b32641.js": "73a7dc52dbc8179bce38a6ab7a0a7f69466ac50f",
    "/beconbox_admin/7-es2015.4e7a5bd8893a06d929c8.js": "00055abadc3bf448775cba30882ea0f0e2baf285",
    "/beconbox_admin/7-es5.4e7a5bd8893a06d929c8.js": "15bd318e18d62dff5172255c5b3fcd55baf1674b",
    "/beconbox_admin/8-es2015.96c25b521ffac948dd16.js": "a9a51f2ec3935ecebc24e86bf880f4e1185d01fd",
    "/beconbox_admin/8-es5.96c25b521ffac948dd16.js": "c8ca751e1f0bd08f0f52c7765069bc4be559abaf",
    "/beconbox_admin/9-es2015.69c5e0b5c8b00bb9f078.js": "0bc453354c040a06da3f2a86515052184e7d7da9",
    "/beconbox_admin/9-es5.69c5e0b5c8b00bb9f078.js": "e1695a5e969b83a4eaf865c03e9deabbb7a01844",
    "/beconbox_admin/Simple-Line-Icons.1334d7641f5b94d8d01d.woff": "c7f8307972e263ccb2de346cfd4890ae3ad15c7e",
    "/beconbox_admin/Simple-Line-Icons.7f0913d4da1704f5de7f.ttf": "acb3e2b0f5ba11b8e4e43b7f73223ec048054861",
    "/beconbox_admin/Simple-Line-Icons.a736074699ec538328fe.woff2": "f6faccaf04b24abd59d237f8e2008d56a91a00e5",
    "/beconbox_admin/Simple-Line-Icons.cb4840b543cf18677ced.eot": "aa162ebc2d535f4c7ba2792fc314472a556a7099",
    "/beconbox_admin/Simple-Line-Icons.e44ce50cc5d614fac12e.svg": "6cfc78438cf1756b0c9a3538036c2800cd5ed6d2",
    "/beconbox_admin/assets/icons/icon-128x128.png": "dae3b6ed49bdaf4327b92531d4b5b4a5d30c7532",
    "/beconbox_admin/assets/icons/icon-144x144.png": "b0bd89982e08f9bd2b642928f5391915b74799a7",
    "/beconbox_admin/assets/icons/icon-152x152.png": "7479a9477815dfd9668d60f8b3b2fba709b91310",
    "/beconbox_admin/assets/icons/icon-192x192.png": "1abd80d431a237a853ce38147d8c63752f10933b",
    "/beconbox_admin/assets/icons/icon-384x384.png": "329749cd6393768d3131ed6304c136b1ca05f2fd",
    "/beconbox_admin/assets/icons/icon-512x512.png": "559d9c4318b45a1f2b10596bbb4c960fe521dbcc",
    "/beconbox_admin/assets/icons/icon-72x72.png": "c457e56089a36952cd67156f9996bc4ce54a5ed9",
    "/beconbox_admin/assets/icons/icon-96x96.png": "3914125a4b445bf111c5627875fc190f560daa41",
    "/beconbox_admin/assets/images/background/1.jpg": "e29953dd22e4f9e498ce379b3b73a0af9354b6d5",
    "/beconbox_admin/assets/images/background/error-bg.jpg": "bc21029b847ad5e82f0e58e7a3571e1a7d307cf6",
    "/beconbox_admin/assets/images/background/login-register.jpg": "37a3744da66b71ff48cc26782af1e77a22c98c14",
    "/beconbox_admin/assets/images/background/login-register2.jpg": "e7e7f559e064a59ce25eb3596f3b4d0700886053",
    "/beconbox_admin/assets/images/background/megamenubg.jpg": "2020f5de74f60f7adee54228f906cbd59f1e06cc",
    "/beconbox_admin/assets/images/background/profile-bg.jpg": "8c611dc7cf2dba95ffbed4ca06a0cca5d2f2b409",
    "/beconbox_admin/assets/images/background/socialbg.jpg": "935a8d69bbca6121179448646959483c1acc6364",
    "/beconbox_admin/assets/images/background/user-bg.jpg": "e9f1a126d492502ca2ba082311ec192fc7d103cd",
    "/beconbox_admin/assets/images/background/user-info.jpg": "f2a35b167058a498859230eda068e6a0a057e587",
    "/beconbox_admin/assets/images/background/weatherbg.jpg": "9e5e8f9590ad374b0dcb787b08889047c90b0ed9",
    "/beconbox_admin/assets/images/big/img1.jpg": "1fa9797ebd8b389d08aefff3138f8771b40d42e9",
    "/beconbox_admin/assets/images/big/img2.jpg": "3c8c6c68f59125395ba533fefb23c1aad7499313",
    "/beconbox_admin/assets/images/big/img3.jpg": "abb0ae38cc85901f80c1a359a3fb509aa1d1cb1c",
    "/beconbox_admin/assets/images/big/img4.jpg": "dd942bc968d1dc3b2941c66a9bc2ecae6280f993",
    "/beconbox_admin/assets/images/big/img5.jpg": "80a2638eda26ee891d696e8c43ca596d34296107",
    "/beconbox_admin/assets/images/big/img6.jpg": "3f8e541fffab674ac9c185d84ae53d4b9b8b2810",
    "/beconbox_admin/assets/images/browser/chrome-logo.png": "aecaf620933578c02cae5a9be5cc290233eb64d1",
    "/beconbox_admin/assets/images/browser/firefox-logo.png": "bb458c3f3a767725fdc9de7c67cd0dc6716f89a8",
    "/beconbox_admin/assets/images/browser/internet-logo.png": "99f172c28980d10cbc5b2636f01192bb29108a3f",
    "/beconbox_admin/assets/images/browser/opera-logo.png": "f3cfdcc7e3300a40e3d85bd09c0388eda9ec9b42",
    "/beconbox_admin/assets/images/browser/photoshop.jpg": "dd9a0925434cad690cca8bd3be0405dfba2c4288",
    "/beconbox_admin/assets/images/browser/safari-logo.png": "0b7047d8a4866e16aea294f70bae8765bf71baae",
    "/beconbox_admin/assets/images/browser/sketch.jpg": "b035007e6cdd5530a1514b7d0774b2a0199aa85f",
    "/beconbox_admin/assets/images/custom-select.png": "a7793e34a4ac639e68cbcc9e2537cd94c2b51df6",
    "/beconbox_admin/assets/images/document/colors.jpg": "ddf5b742f0f7a759b8145e88dfd6c0471ae2b913",
    "/beconbox_admin/assets/images/document/sidebar.jpg": "5bc8ec346c271e501602a96ec619d0296758d7b5",
    "/beconbox_admin/assets/images/document/template-strucutre.jpg": "edbc90536366a13d3d96b538a50af6ceeca1f11a",
    "/beconbox_admin/assets/images/favicon.png": "722ee1c739dfc056b1c8c423facb612cf502b27d",
    "/beconbox_admin/assets/images/gallery/chair.png": "7b784d9cbfb642368ce93602b9b8da698020da1f",
    "/beconbox_admin/assets/images/gallery/chair2.png": "7a47afa4bb1b3accbf10c918821d74b95b2222bf",
    "/beconbox_admin/assets/images/gallery/chair3.png": "7205fe4353dd02d9c949ab66a900c1e4e57be2b3",
    "/beconbox_admin/assets/images/gallery/chair4.png": "a0cb0b5f9c3ee9b228fbf119cb403a89a58a955c",
    "/beconbox_admin/assets/images/gallery/locker.jpeg": "42e6eb8b555ef1aedef6c8a7b5f8ec59b8bef6a6",
    "/beconbox_admin/assets/images/gallery/locker1.jpeg": "603f05961621b84cc37a2452cd77b73132183719",
    "/beconbox_admin/assets/images/icon/danger.svg": "2a4c317209b6a1d5a0131e35edf5c1530dd0a30d",
    "/beconbox_admin/assets/images/icon/success.svg": "03d329e4c0aaff2af4826c43adf92733c2971eef",
    "/beconbox_admin/assets/images/icon/warning.svg": "0a5b5cb6203482553558f7e847f4afe12f820c2d",
    "/beconbox_admin/assets/images/logo-icon.png": "5314c71bf9e8174a385700232471009a9b52b1f9",
    "/beconbox_admin/assets/images/logo-icon.svg": "0b230ed9981cfb347fa904901ab93108c1c72b8c",
    "/beconbox_admin/assets/images/logo-light-icon.png": "d0247364fbf32acc5c4967c2db4654ff39e90220",
    "/beconbox_admin/assets/images/logo-light-icon.svg": "0b230ed9981cfb347fa904901ab93108c1c72b8c",
    "/beconbox_admin/assets/images/logo-light-text.png": "0422fe8f90bfa030e72ccc28e1ff463912fd73d2",
    "/beconbox_admin/assets/images/logo-light-text.svg": "6d3a8235b9ed08c36e84ece25a764e2953f246a1",
    "/beconbox_admin/assets/images/logo-text.png": "83e3637abcfbe0a586dae739050a040df45332bc",
    "/beconbox_admin/assets/images/logo-text.svg": "d498964bb2cc0bb17549ce1198f3ffaefe0905a4",
    "/beconbox_admin/assets/images/logo-text1.svg": "6d3a8235b9ed08c36e84ece25a764e2953f246a1",
    "/beconbox_admin/assets/images/logo.png": "49a74d769f538f1bf26cde791c2ff009b10fe677",
    "/beconbox_admin/assets/images/users/1.jpg": "67692086c99dea34fa9546dd4b83c453ffe0aa3b",
    "/beconbox_admin/assets/images/users/2.jpg": "70ee430b4c94380eb902b301ae545a063b367956",
    "/beconbox_admin/assets/images/users/3.jpg": "c8119bd5543effa509294245d44026aa58157838",
    "/beconbox_admin/assets/images/users/4.jpg": "8d0ee034b9035a5ee2a7e57bf65a158a78a5cb55",
    "/beconbox_admin/assets/images/users/5.jpg": "05bba3b67504fc8e533126db94c263d0e4c7ca5b",
    "/beconbox_admin/assets/images/users/6.jpg": "77894b4f185c03363af7cacfefc38fead1686e47",
    "/beconbox_admin/assets/images/users/7.jpg": "c3dceab1440f1b8ca8c60a033688ef2c51306f02",
    "/beconbox_admin/assets/images/users/8.jpg": "8a76430e0ecf429748e0f648eb4c2aa43207ffb4",
    "/beconbox_admin/assets/images/users/d1.jpg": "6c1794e7efea0af6a2a62505f84512c5a44127fc",
    "/beconbox_admin/assets/images/users/d2.jpg": "5daf69a6de7847455fab1e6551a1f3bd431f82de",
    "/beconbox_admin/assets/images/users/d3.jpg": "1f429a63c89d409c197daf5644093452203123d6",
    "/beconbox_admin/assets/images/users/d4.jpg": "bd9e9e9193acfca9021c0ce77378ef698f8d6864",
    "/beconbox_admin/assets/images/users/d5.jpg": "c09a602d8abb644e5d70483fbfd5b44bacb87af2",
    "/beconbox_admin/assets/images/users/defaultuser.jpg": "b4bbc480ed69eb64b3ea131dc2fe3e1a45d5e8a4",
    "/beconbox_admin/assets/images/users/profile.png": "2d67ba6064bf67297ab034e1daaa6c4dd7b57730",
    "/beconbox_admin/assets/js/jquery.sparkline.min.js": "1b0cadee7d2372c11c253a80fdc6051ba7458ad3",
    "/beconbox_admin/assets/scss/animate.css": "ced3e2436efe1c8ca8f5847e35121f4969239aa9",
    "/beconbox_admin/assets/scss/app.scss": "8927d3f24d79345d92786e65736f4de78c0beb8b",
    "/beconbox_admin/assets/scss/colors/blue-dark.scss": "5bb8c6acf5765fa7d829633ab56ca5932f454510",
    "/beconbox_admin/assets/scss/colors/blue.scss": "905cbaa95624064e9dbb5582f12f758fdd684a95",
    "/beconbox_admin/assets/scss/colors/default-dark.scss": "cdd788525c2f56072b5d7ce2e06f26df5b1dc606",
    "/beconbox_admin/assets/scss/colors/default.scss": "63bee04350426647aecef43031c5342989f85f91",
    "/beconbox_admin/assets/scss/colors/green-dark.scss": "86c3130d7363ec87ed345d60401b9035a0796a58",
    "/beconbox_admin/assets/scss/colors/green.scss": "b5c82df93a47a2a3f9f35e8172a0232a7390f24f",
    "/beconbox_admin/assets/scss/colors/megna-dark.scss": "671bd8bd4708b667ceb656aeccd748ccd8785fcc",
    "/beconbox_admin/assets/scss/colors/megna.scss": "88428e1aab00928c9b8a8db601b3ba31552131bd",
    "/beconbox_admin/assets/scss/colors/purple-dark.scss": "d284fe180bef2a8453ef63599228075ffe38c1f8",
    "/beconbox_admin/assets/scss/colors/purple.scss": "153d78f90dc4fe073c1c0f7e71fa3615de5173b7",
    "/beconbox_admin/assets/scss/colors/red-dark.scss": "4f6992ba0c562f2300eb761d298d39993614cb16",
    "/beconbox_admin/assets/scss/colors/red.scss": "f24033da01a4c7a7869b8e5db5ecaafde1f2567b",
    "/beconbox_admin/assets/scss/custom.scss": "4df06abc8db1cc8b7af361d5a2063538abf0dcdd",
    "/beconbox_admin/assets/scss/dark.scss": "f4882a2765bcea347a3a3e8420ff73668b418acd",
    "/beconbox_admin/assets/scss/dist/variable.css": "49f5cc8f03d6b3ad995bb9ae3df20296ac41e5b3",
    "/beconbox_admin/assets/scss/grid.scss": "d19dac9ca29e23ec9e800baf32901a361958e5bf",
    "/beconbox_admin/assets/scss/icons/font-awesome/css/font-awesome.css": "f31ca6973b1702939f0f45c70f700a4f6cd31184",
    "/beconbox_admin/assets/scss/icons/font-awesome/css/font-awesome.min.css": "2da2693ef82fb750e493a9e4e90c5d529d28c988",
    "/beconbox_admin/assets/scss/icons/font-awesome/fonts/FontAwesome.otf": "048707bc52ac4b6563aaa383bfe8660a0ddc908c",
    "/beconbox_admin/assets/scss/icons/font-awesome/fonts/fontawesome-webfont.eot": "d980c2ce873dc43af460d4d572d441304499f400",
    "/beconbox_admin/assets/scss/icons/font-awesome/fonts/fontawesome-webfont.svg": "b5483b11f8ba213e733b5b8af9927a04fec996f6",
    "/beconbox_admin/assets/scss/icons/font-awesome/fonts/fontawesome-webfont.ttf": "13b1eab65a983c7a73bc7997c479d66943f7c6cb",
    "/beconbox_admin/assets/scss/icons/font-awesome/fonts/fontawesome-webfont.woff": "28b782240b3e76db824e12c02754a9731a167527",
    "/beconbox_admin/assets/scss/icons/font-awesome/fonts/fontawesome-webfont.woff2": "d6f48cba7d076fb6f2fd6ba993a75b9dc1ecbf0c",
    "/beconbox_admin/assets/scss/icons/font-awesome/less/animated.less": "472ec14f388c90a7201861e77faec317d038fd9c",
    "/beconbox_admin/assets/scss/icons/font-awesome/less/bordered-pulled.less": "66dc98ad0e4151e8938350f1ee3d0932348b37e8",
    "/beconbox_admin/assets/scss/icons/font-awesome/less/core.less": "5f436a1afd7f1de7dde20ed8c2fd84812b8acf12",
    "/beconbox_admin/assets/scss/icons/font-awesome/less/fixed-width.less": "a9552c8a91766a6d926c43c4c0f74acb62aaf719",
    "/beconbox_admin/assets/scss/icons/font-awesome/less/font-awesome.less": "06bd9cd5c5a646b1c631ba7b1edb77f60d84a91b",
    "/beconbox_admin/assets/scss/icons/font-awesome/less/icons.less": "e7492081853b880643f96e28659218b92c6e660a",
    "/beconbox_admin/assets/scss/icons/font-awesome/less/larger.less": "d9610d7f83b0aaf3fdd5fa048117bd8620adf346",
    "/beconbox_admin/assets/scss/icons/font-awesome/less/list.less": "2b203f3bacd6eaa58d0aa11efb9fb661b884eeb9",
    "/beconbox_admin/assets/scss/icons/font-awesome/less/mixins.less": "9b53403a944d93c5d7238c8942534fccf7957cff",
    "/beconbox_admin/assets/scss/icons/font-awesome/less/path.less": "fce36570fe54da40c1c61f20d62bf9751a81a27e",
    "/beconbox_admin/assets/scss/icons/font-awesome/less/rotated-flipped.less": "39ec6a3d98e5a55a2330935d139f95855c139dcf",
    "/beconbox_admin/assets/scss/icons/font-awesome/less/screen-reader.less": "3fa86249735534461a08afa86b5d7d774de7ef3f",
    "/beconbox_admin/assets/scss/icons/font-awesome/less/stacked.less": "ee10b7a0bc941f8d0bbd092d4178b9fae9f1661f",
    "/beconbox_admin/assets/scss/icons/font-awesome/less/variables.less": "e0dab04318d43211435c82989fbc05d0876b2708",
    "/beconbox_admin/assets/scss/icons/font-awesome/old/.bower.json": "a2ed2fc53184957a75e89e528ffdccce5defb2b3",
    "/beconbox_admin/assets/scss/icons/font-awesome/old/.gitignore": "91fdb94ef97505e75eed89d8a742f0a226063c4d",
    "/beconbox_admin/assets/scss/icons/font-awesome/old/.npmignore": "c31ff06a740955e44edd4403902e653ccabfd4db",
    "/beconbox_admin/assets/scss/icons/font-awesome/old/HELP-US-OUT.txt": "ed80b43dbc7e3009b2f436741b9796df8eb3be02",
    "/beconbox_admin/assets/scss/icons/font-awesome/old/bower.json": "171c05c509485b3cd43d2c161f9f3e8723e6bb60",
    "/beconbox_admin/assets/scss/icons/font-awesome/old/css/font-awesome.css": "ff13d5f5bf9661c4bb4f6d49c41552feac109a1e",
    "/beconbox_admin/assets/scss/icons/font-awesome/old/css/font-awesome.min.css": "78ba7f45f5e3ba62a9ca8185ea180db36fb1633b",
    "/beconbox_admin/assets/scss/icons/font-awesome/old/fonts/FontAwesome.otf": "42c179eef588854b5ec151bcf6a3f58aa8b79b11",
    "/beconbox_admin/assets/scss/icons/font-awesome/old/fonts/fontawesome-webfont-old.ttf": "6484f1af6b485d5096b71b344e67f4164c33dd1f",
    "/beconbox_admin/assets/scss/icons/font-awesome/old/fonts/fontawesome-webfont.eot": "986eed8dca049714e43eeebcb3932741a4bec76d",
    "/beconbox_admin/assets/scss/icons/font-awesome/old/fonts/fontawesome-webfont.svg": "550ef5c1253c8376f2ead32b654eb58d3c106ca3",
    "/beconbox_admin/assets/scss/icons/font-awesome/old/fonts/fontawesome-webfont.ttf": "6484f1af6b485d5096b71b344e67f4164c33dd1f",
    "/beconbox_admin/assets/scss/icons/font-awesome/old/fonts/fontawesome-webfont.woff": "4a313eb93b959cc4154c684b915b0a31ddb68d84",
    "/beconbox_admin/assets/scss/icons/font-awesome/old/fonts/fontawesome-webfont.woff2": "638c652d623280a58144f93e7b552c66d1667a11",
    "/beconbox_admin/assets/scss/icons/font-awesome/old/less/animated.less": "472ec14f388c90a7201861e77faec317d038fd9c",
    "/beconbox_admin/assets/scss/icons/font-awesome/old/less/bordered-pulled.less": "66dc98ad0e4151e8938350f1ee3d0932348b37e8",
    "/beconbox_admin/assets/scss/icons/font-awesome/old/less/core.less": "5f436a1afd7f1de7dde20ed8c2fd84812b8acf12",
    "/beconbox_admin/assets/scss/icons/font-awesome/old/less/extras.less": "5bd4e2bd43e80e26f9cf13e59f262e4772f2e089",
    "/beconbox_admin/assets/scss/icons/font-awesome/old/less/fixed-width.less": "a9552c8a91766a6d926c43c4c0f74acb62aaf719",
    "/beconbox_admin/assets/scss/icons/font-awesome/old/less/font-awesome.less": "0018504d4aa3597f172adf989044c12d0649e10c",
    "/beconbox_admin/assets/scss/icons/font-awesome/old/less/icons.less": "68e5c12bc23a43e104acaa128f9c995d35728b53",
    "/beconbox_admin/assets/scss/icons/font-awesome/old/less/larger.less": "d9610d7f83b0aaf3fdd5fa048117bd8620adf346",
    "/beconbox_admin/assets/scss/icons/font-awesome/old/less/list.less": "2b203f3bacd6eaa58d0aa11efb9fb661b884eeb9",
    "/beconbox_admin/assets/scss/icons/font-awesome/old/less/mixins.less": "d3756726479ed417769f1ae0219cbdeea22588af",
    "/beconbox_admin/assets/scss/icons/font-awesome/old/less/path.less": "f01bbe5571366e38385aa42202235a3bd09daa7f",
    "/beconbox_admin/assets/scss/icons/font-awesome/old/less/rotated-flipped.less": "39ec6a3d98e5a55a2330935d139f95855c139dcf",
    "/beconbox_admin/assets/scss/icons/font-awesome/old/less/spinning.less": "708354b2c6d5201edffb178d8f8538b2ff6dc790",
    "/beconbox_admin/assets/scss/icons/font-awesome/old/less/stacked.less": "ee10b7a0bc941f8d0bbd092d4178b9fae9f1661f",
    "/beconbox_admin/assets/scss/icons/font-awesome/old/less/variables.less": "11542e3cd7e9e1f3cfe197201c794b86d5792ab5",
    "/beconbox_admin/assets/scss/icons/font-awesome/old/scss/_animated.scss": "c3d081abee1076d36a289afc6488e676bc59f023",
    "/beconbox_admin/assets/scss/icons/font-awesome/old/scss/_bordered-pulled.scss": "39353047bbcce4f3f706666df1547e64546932a0",
    "/beconbox_admin/assets/scss/icons/font-awesome/old/scss/_core.scss": "2dce8814642ef0ee86c65f3d29818c17fd8951f9",
    "/beconbox_admin/assets/scss/icons/font-awesome/old/scss/_extras.scss": "c512afc84a826c491a7ba213f0686c1ca4bb56b2",
    "/beconbox_admin/assets/scss/icons/font-awesome/old/scss/_fixed-width.scss": "f4af333866ff3c0da59493fc7077965c6e9d46ac",
    "/beconbox_admin/assets/scss/icons/font-awesome/old/scss/_icons.scss": "1142d56e05464adb976f79224e08f55cb0f2deb2",
    "/beconbox_admin/assets/scss/icons/font-awesome/old/scss/_larger.scss": "c5cf379c23025aa001f850bd560a87a92e4f711d",
    "/beconbox_admin/assets/scss/icons/font-awesome/old/scss/_list.scss": "8e9c5708bd91364a749f93555ba65af3c49ff1a6",
    "/beconbox_admin/assets/scss/icons/font-awesome/old/scss/_mixins.scss": "24099bff40cb5dabf4a2dfa7553c9b3187ec37d0",
    "/beconbox_admin/assets/scss/icons/font-awesome/old/scss/_path.scss": "011339ce07bb12a5736edd7fdbed0b7f3c63bf72",
    "/beconbox_admin/assets/scss/icons/font-awesome/old/scss/_rotated-flipped.scss": "fd48d098af52ffff6f829e7f5a2250a9c3cfc87f",
    "/beconbox_admin/assets/scss/icons/font-awesome/old/scss/_spinning.scss": "151225e2d0889381dac3d568350cf6538a354bc8",
    "/beconbox_admin/assets/scss/icons/font-awesome/old/scss/_stacked.scss": "c4fe90e7781e8b229bf2657312ba61ecf1026cab",
    "/beconbox_admin/assets/scss/icons/font-awesome/old/scss/_variables.scss": "6be325d5161e0e1a5eb8551aca61968680cc202b",
    "/beconbox_admin/assets/scss/icons/font-awesome/old/scss/font-awesome.scss": "100488a381a9ad60941ef936905dffeee53a4e25",
    "/beconbox_admin/assets/scss/icons/font-awesome/scss/_animated.scss": "c3d081abee1076d36a289afc6488e676bc59f023",
    "/beconbox_admin/assets/scss/icons/font-awesome/scss/_bordered-pulled.scss": "39353047bbcce4f3f706666df1547e64546932a0",
    "/beconbox_admin/assets/scss/icons/font-awesome/scss/_core.scss": "2dce8814642ef0ee86c65f3d29818c17fd8951f9",
    "/beconbox_admin/assets/scss/icons/font-awesome/scss/_fixed-width.scss": "f4af333866ff3c0da59493fc7077965c6e9d46ac",
    "/beconbox_admin/assets/scss/icons/font-awesome/scss/_icons.scss": "303a6e9e04e91a132612f094b34cccfc90c63bec",
    "/beconbox_admin/assets/scss/icons/font-awesome/scss/_larger.scss": "c5cf379c23025aa001f850bd560a87a92e4f711d",
    "/beconbox_admin/assets/scss/icons/font-awesome/scss/_list.scss": "8e9c5708bd91364a749f93555ba65af3c49ff1a6",
    "/beconbox_admin/assets/scss/icons/font-awesome/scss/_mixins.scss": "25b2361e654e3512c1f6024f3a8d593413611a58",
    "/beconbox_admin/assets/scss/icons/font-awesome/scss/_path.scss": "011339ce07bb12a5736edd7fdbed0b7f3c63bf72",
    "/beconbox_admin/assets/scss/icons/font-awesome/scss/_rotated-flipped.scss": "fd48d098af52ffff6f829e7f5a2250a9c3cfc87f",
    "/beconbox_admin/assets/scss/icons/font-awesome/scss/_screen-reader.scss": "ebe3fe40059e5a2a3a3c0c0f587a2e2bc23fd1b2",
    "/beconbox_admin/assets/scss/icons/font-awesome/scss/_stacked.scss": "c4fe90e7781e8b229bf2657312ba61ecf1026cab",
    "/beconbox_admin/assets/scss/icons/font-awesome/scss/_variables.scss": "8e450f7064c308a124fe82ded322db59fbbeb59f",
    "/beconbox_admin/assets/scss/icons/font-awesome/scss/font-awesome.scss": "6bfc7e75fd344628b06d85f7fa4d48b106334584",
    "/beconbox_admin/assets/scss/icons/material-design-iconic-font/css/material-design-iconic-font.css": "bc233d25bdc412636ee37f8fb6818ba3ede2e4d9",
    "/beconbox_admin/assets/scss/icons/material-design-iconic-font/css/material-design-iconic-font.min.css": "bc5c7860aa213a9d9106f963f0c60f70c77032e6",
    "/beconbox_admin/assets/scss/icons/material-design-iconic-font/css/materialdesignicons.min.css": "5080e49bf7bc49b002603abc48697335264d2002",
    "/beconbox_admin/assets/scss/icons/material-design-iconic-font/fonts/Material-Design-Iconic-Font.eot": "9604e433fd49f5bf96501b5dd64ce58ac10f6091",
    "/beconbox_admin/assets/scss/icons/material-design-iconic-font/fonts/Material-Design-Iconic-Font.svg": "8557b1551b91a0dba3ea6273b4aad98885ae77ac",
    "/beconbox_admin/assets/scss/icons/material-design-iconic-font/fonts/Material-Design-Iconic-Font.ttf": "030f09ac12fb86a13f7432a75836b6768b541257",
    "/beconbox_admin/assets/scss/icons/material-design-iconic-font/fonts/Material-Design-Iconic-Font.woff": "f8575ba5b551d1c2077f2003dd272c08e0bf9168",
    "/beconbox_admin/assets/scss/icons/material-design-iconic-font/fonts/Material-Design-Iconic-Font.woff2": "6ee4c79372c3fd679706306ede47e4b03cf53d60",
    "/beconbox_admin/assets/scss/icons/material-design-iconic-font/fonts/materialdesignicons-webfont.eot": "1ad0f7e1ecdb6217873ec9d961c60f449f5e3225",
    "/beconbox_admin/assets/scss/icons/material-design-iconic-font/fonts/materialdesignicons-webfont.svg": "4ec4976474a20c4b049f74335201c7674596dbd2",
    "/beconbox_admin/assets/scss/icons/material-design-iconic-font/fonts/materialdesignicons-webfont.ttf": "15342d738bd398009374c0d78e35ca69b6eda96f",
    "/beconbox_admin/assets/scss/icons/material-design-iconic-font/fonts/materialdesignicons-webfont.woff": "7ce7769db5658e58a27975d828134571052a7cf8",
    "/beconbox_admin/assets/scss/icons/material-design-iconic-font/fonts/materialdesignicons-webfont.woff2": "9be0766a4b2a580e1d27bf275a4526655400d9ca",
    "/beconbox_admin/assets/scss/icons/simple-line-icons/css/simple-line-icons.css": "65c031939d62af1c58ff5bc1084b8059c2f9dd14",
    "/beconbox_admin/assets/scss/icons/simple-line-icons/fonts/Simple-Line-Icons.eot": "aa162ebc2d535f4c7ba2792fc314472a556a7099",
    "/beconbox_admin/assets/scss/icons/simple-line-icons/fonts/Simple-Line-Icons.svg": "6cfc78438cf1756b0c9a3538036c2800cd5ed6d2",
    "/beconbox_admin/assets/scss/icons/simple-line-icons/fonts/Simple-Line-Icons.ttf": "acb3e2b0f5ba11b8e4e43b7f73223ec048054861",
    "/beconbox_admin/assets/scss/icons/simple-line-icons/fonts/Simple-Line-Icons.woff": "c7f8307972e263ccb2de346cfd4890ae3ad15c7e",
    "/beconbox_admin/assets/scss/icons/simple-line-icons/fonts/Simple-Line-Icons.woff2": "f6faccaf04b24abd59d237f8e2008d56a91a00e5",
    "/beconbox_admin/assets/scss/icons/simple-line-icons/less/simple-line-icons.less": "bbbb51d317646dc52374065073a75601cdff9363",
    "/beconbox_admin/assets/scss/icons/simple-line-icons/scss/simple-line-icons.scss": "271e73bf69090865c0b9cd8ccc01dc5f07bd9207",
    "/beconbox_admin/assets/scss/icons/themify-icons/fonts/themify.eot": "df12a0942cf1933f0915fe3d910fa2379f092d83",
    "/beconbox_admin/assets/scss/icons/themify-icons/fonts/themify.svg": "106a9ed6d6b0936376b5723611a602a2e3da66c6",
    "/beconbox_admin/assets/scss/icons/themify-icons/fonts/themify.ttf": "5bb1fe69452a484566a81076af7567728fe7e43b",
    "/beconbox_admin/assets/scss/icons/themify-icons/fonts/themify.woff": "9394f35bd2addd24666b79bfc36d4f9d247cb01d",
    "/beconbox_admin/assets/scss/icons/themify-icons/ie7/ie7.css": "7963d87259f389d5370d4a0ec8675df338c498e5",
    "/beconbox_admin/assets/scss/icons/themify-icons/ie7/ie7.js": "b85b2b884e093bf25c12c80db4705557b1239fb3",
    "/beconbox_admin/assets/scss/icons/themify-icons/themify-icons.css": "752540a7cb637ffb1f5fd3e8fa0f632f402155a0",
    "/beconbox_admin/assets/scss/icons/themify-icons/themify-icons.less": "329d583bd0ec02a9f9537614ed3fe929b1649787",
    "/beconbox_admin/assets/scss/pages.scss": "78855d451324132b290699ff8e81d44b1b10bde3",
    "/beconbox_admin/assets/scss/responsive.scss": "36a6fed5f245f743d0ccfa3f7073d49e9973d4c4",
    "/beconbox_admin/assets/scss/rtl/rtl-padding-margin.scss": "261f55215fa8d704d82f19823817f8e0c514bf1b",
    "/beconbox_admin/assets/scss/rtl/rtl.scss": "222d944099a8667182d990b1868c874e2299e3f3",
    "/beconbox_admin/assets/scss/sidebar.scss": "3e500f0dfcc065d48b51029d373aa408f2ef2790",
    "/beconbox_admin/assets/scss/spinners.scss": "05428dda71476406d04bb75d79a2dd9797ff5dd6",
    "/beconbox_admin/assets/scss/style.scss": "e31989216887aa59bb4fc8aaccf81367c858d2b6",
    "/beconbox_admin/assets/scss/theme-settings.scss": "a24fcc6b05ab3efadcec52fb7b5be33fbcaf331b",
    "/beconbox_admin/assets/scss/variable.scss": "f3f425053a886e8eb013a6940df5aa97e0d9954c",
    "/beconbox_admin/assets/scss/vertical-header.scss": "8fd32ba31c786db9a03936a9d0832d7ed6b55d0e",
    "/beconbox_admin/assets/scss/widgets.scss": "6aa6387ac0f576ca914a076103a595afb1fe3e1c",
    "/beconbox_admin/custom-select.b7cff2017c9016de0a3f.png": "a7793e34a4ac639e68cbcc9e2537cd94c2b51df6",
    "/beconbox_admin/danger.6839895ff119ac2345e9.svg": "2a4c317209b6a1d5a0131e35edf5c1530dd0a30d",
    "/beconbox_admin/data-table.40742b4faed98d0250a5.eot": "99e68eaef544d4a4eaa307996db55b76ccc349d7",
    "/beconbox_admin/data-table.53c319729491b7686d65.woff": "d4582b40484b4ee1fd334a5577fd945e804484f9",
    "/beconbox_admin/data-table.7eda0c04830dac128c76.svg": "f1880710c0888c2cbc32311ca20bc3950e38e274",
    "/beconbox_admin/data-table.93be7e0fc94594d266a2.ttf": "5c23a1ceb1b1d37844a864c02cd97b145e6243dd",
    "/beconbox_admin/error-bg.2658e408e1b240e96c2b.jpg": "bc21029b847ad5e82f0e58e7a3571e1a7d307cf6",
    "/beconbox_admin/favicon.ico": "84161b857f5c547e3699ddfbffc6d8d737542e01",
    "/beconbox_admin/flags.007b2705c0a8f69dfdf6.png": "21572c9751e5a3dc20395befa0fcb349c32c4811",
    "/beconbox_admin/flags@2x.9d5328fb490cddd43f66.png": "d6f843711c3cfe6d9a037e4c61d293f563e55802",
    "/beconbox_admin/fontawesome-webfont.1e59d2330b4c6deb84b3.ttf": "13b1eab65a983c7a73bc7997c479d66943f7c6cb",
    "/beconbox_admin/fontawesome-webfont.20fd1704ea223900efa9.woff2": "d6f48cba7d076fb6f2fd6ba993a75b9dc1ecbf0c",
    "/beconbox_admin/fontawesome-webfont.6878d55e3615ccf40c38.svg": "b5483b11f8ba213e733b5b8af9927a04fec996f6",
    "/beconbox_admin/fontawesome-webfont.8b43027f47b20503057d.eot": "d980c2ce873dc43af460d4d572d441304499f400",
    "/beconbox_admin/fontawesome-webfont.f691f37e57f04c152e23.woff": "28b782240b3e76db824e12c02754a9731a167527",
    "/beconbox_admin/index.html": "f82cacc4516725c1161e2740acaf09e6a8c61f7c",
    "/beconbox_admin/main-es2015.4455078b96bae944de1f.js": "cc2fd581414a7faa6f7f7f5e2c5f629546fc09f9",
    "/beconbox_admin/main-es5.4455078b96bae944de1f.js": "6a80ec039f28a466a6cb1a955250fc88b0155db6",
    "/beconbox_admin/manifest.webmanifest": "5258eb08126fadfc9ffea73a7eed17b47c7d77ca",
    "/beconbox_admin/materialdesignicons-webfont.49d3b4ee7b1dee3671b0.eot": "1ad0f7e1ecdb6217873ec9d961c60f449f5e3225",
    "/beconbox_admin/materialdesignicons-webfont.5cbc1ce0f8ee2c20e27b.woff2": "9be0766a4b2a580e1d27bf275a4526655400d9ca",
    "/beconbox_admin/materialdesignicons-webfont.d6f0edc61c6ca22474a7.svg": "4ec4976474a20c4b049f74335201c7674596dbd2",
    "/beconbox_admin/materialdesignicons-webfont.da5fb9dba31bb391d27e.woff": "7ce7769db5658e58a27975d828134571052a7cf8",
    "/beconbox_admin/materialdesignicons-webfont.fa3815d439cf3406399e.ttf": "15342d738bd398009374c0d78e35ca69b6eda96f",
    "/beconbox_admin/polyfills-es2015.439db9a51ed7d910e3cf.js": "7285e81f9d7876f80254a7dfb9da8acdd7f8fdc7",
    "/beconbox_admin/polyfills-es5.4df643fdeef71c1d5f48.js": "b3504b5ab3ac5bdfc8f393a024d39e9f611bd517",
    "/beconbox_admin/runtime-es2015.32218075c40ada3164a4.js": "697e445ed8e4b0b7acb75c1351592e3367316751",
    "/beconbox_admin/runtime-es5.32218075c40ada3164a4.js": "7b8a034cd3a35b45a83e2eb00c8de753225ad85d",
    "/beconbox_admin/styles.58a9630656d4fefd4b8a.css": "b694092e54327156cddfd52287c6e778f5241f0b",
    "/beconbox_admin/success.3a73f159701e03d93f98.svg": "03d329e4c0aaff2af4826c43adf92733c2971eef",
    "/beconbox_admin/themify.29b39089170885ae2967.woff": "9394f35bd2addd24666b79bfc36d4f9d247cb01d",
    "/beconbox_admin/themify.9bad94440d49256265a5.eot": "df12a0942cf1933f0915fe3d910fa2379f092d83",
    "/beconbox_admin/themify.c4292f34297f1004471a.svg": "106a9ed6d6b0936376b5723611a602a2e3da66c6",
    "/beconbox_admin/themify.eda8b94308c6f538f04a.ttf": "5bb1fe69452a484566a81076af7567728fe7e43b",
    "/beconbox_admin/warning.f5860e42d7aa545d506a.svg": "0a5b5cb6203482553558f7e847f4afe12f820c2d"
  },
  "navigationUrls": [
    {
      "positive": true,
      "regex": "^\\/.*$"
    },
    {
      "positive": false,
      "regex": "^\\/(?:.+\\/)?[^/]*\\.[^/]*$"
    },
    {
      "positive": false,
      "regex": "^\\/(?:.+\\/)?[^/]*__[^/]*$"
    },
    {
      "positive": false,
      "regex": "^\\/(?:.+\\/)?[^/]*__[^/]*\\/.*$"
    }
  ]
}